{ "2803": 0.33472530155340835, "0404": 0.3669702470186575 }
